ID	gene_symbol	n
11715106_x_at	CTAGE15	2
11715106_x_at	CTAGE6	2
11715107_s_at	F8A1	3
11715107_s_at	F8A2	3
11715107_s_at	F8A3	3
11715111_s_at	CGB	6
11715111_s_at	CGB1	6
11715111_s_at	CGB2	6
11715111_s_at	CGB5	6
11715111_s_at	CGB7	6
11715111_s_at	CGB8	6
11715136_at	OR8U1	2
11715136_at	OR8U9	2
11715137_s_at	SSX2B	2
11715137_s_at	SSX7	2
11715155_s_at	TUBB7P	4
11715155_s_at	TUBB8	4
11715155_s_at	TUBB8P7	4
11715155_s_at	TUBBP5	4
11715198_s_at	DBET	22
11715198_s_at	DUX4	22
11715198_s_at	DUX4L1	22
11715198_s_at	DUX4L10	22
11715198_s_at	DUX4L11	22
11715198_s_at	DUX4L12	22
11715198_s_at	DUX4L13	22
11715198_s_at	DUX4L14	22
11715198_s_at	DUX4L15	22
11715198_s_at	DUX4L2	22
11715198_s_at	DUX4L20	22
11715198_s_at	DUX4L21	22
11715198_s_at	DUX4L22	22
11715198_s_at	DUX4L23	22
11715198_s_at	DUX4L24	22
11715198_s_at	DUX4L25	22
11715198_s_at	DUX4L3	22
11715198_s_at	DUX4L4	22
11715198_s_at	DUX4L5	22
11715198_s_at	DUX4L6	22
11715198_s_at	DUX4L7	22
11715198_s_at	DUX4L8	22
11715213_s_at	DUX1	3
11715213_s_at	DUX3	3
11715213_s_at	DUX5	3
11715237_s_at	RPL9	5
11715237_s_at	RPL9P25	5
11715237_s_at	RPL9P32	5
11715237_s_at	RPL9P7	5
11715237_s_at	TIPIN	5
11715253_s_at	KRTAP10-10	2
11715253_s_at	KRTAP10-6	2
11715254_s_at	DEFB134	2
11715254_s_at	LOC105379765	2
11715261_s_at	HNRNPCL2	3
11715261_s_at	HNRNPCL3	3
11715261_s_at	HNRNPCL4	3
11715268_s_at	GP1BB	3
11715268_s_at	SEPT5	3
11715268_s_at	SEPT5-GP1BB	3
11715311_s_at	DEFB103A	2
11715311_s_at	DEFB103B	2
11715324_s_at	LOC105371242	7
11715324_s_at	PPIAL4A	7
11715324_s_at	PPIAL4C	7
11715324_s_at	PPIAL4D	7
11715324_s_at	PPIAL4E	7
11715324_s_at	PPIAL4F	7
11715324_s_at	PPIAL4G	7
11715327_x_at	CBWD1	2
11715327_x_at	CBWD3	2
11715337_s_at	GH1	2
11715337_s_at	GH2	2
11715340_s_at	CT47A1	13
11715340_s_at	CT47A10	13
11715340_s_at	CT47A11	13
11715340_s_at	CT47A12	13
11715340_s_at	CT47A2	13
11715340_s_at	CT47A3	13
11715340_s_at	CT47A4	13
11715340_s_at	CT47A5	13
11715340_s_at	CT47A6	13
11715340_s_at	CT47A7	13
11715340_s_at	CT47A8	13
11715340_s_at	CT47A9	13
11715340_s_at	CT47B1	13
11715385_s_at	C4orf46	2
11715385_s_at	TOMM7	2
11715395_a_at	BLOC1S5-TXNDC5	2
11715395_a_at	TXNDC5	2
11715417_s_at	SKP1	2
11715417_s_at	SKP1P2	2
11715490_s_at	AMY1A	6
11715490_s_at	AMY1B	6
11715490_s_at	AMY1C	6
11715490_s_at	AMY2A	6
11715490_s_at	AMY2B	6
11715490_s_at	AMYP1	6
11715494_s_at	HBG1	2
11715494_s_at	HBG2	2
11715525_a_at	ATP6V1G2-DDX39B	2
11715525_a_at	DDX39B	2
11715560_s_at	PGA3	3
11715560_s_at	PGA4	3
11715560_s_at	PGA5	3
11715661_a_at	TMEM189-UBE2V1	2
11715661_a_at	UBE2V1	2
11715746_a_at	MINOS1-NBL1	2
11715746_a_at	NBL1	2
11715777_s_at	LUZP6	2
11715777_s_at	MTPN	2
11715779_a_at	HNRNPH2	2
11715779_a_at	RPL36A-HNRNPH2	2
11715849_a_at	APOLD1	2
11715849_a_at	DDX47	2
11715876_at	P2RX5-TAX1BP3	2
11715876_at	TAX1BP3	2
11716047_a_at	C21orf33	2
11716047_a_at	LOC102724023	2
11716136_s_at	COX7A2	2
11716136_s_at	TMEM30A	2
11716187_a_at	ABCB6	2
11716187_a_at	ATG9A	2
11716239_s_at	RAB6A	3
11716239_s_at	RAB6C	3
11716239_s_at	WTH3DI	3
11716342_s_at	LOC101060373	5
11716342_s_at	LOC102723728	5
11716342_s_at	NOMO1	5
11716342_s_at	NOMO2	5
11716342_s_at	NOMO3	5
11716350_a_at	HSPE1	2
11716350_a_at	HSPE1-MOB4	2
11716366_s_at	CELA3A	2
11716366_s_at	CELA3B	2
11716424_a_at	PCDHGA10	17
11716424_a_at	PCDHGA11	17
11716424_a_at	PCDHGA2	17
11716424_a_at	PCDHGA3	17
11716424_a_at	PCDHGA4	17
11716424_a_at	PCDHGA5	17
11716424_a_at	PCDHGA6	17
11716424_a_at	PCDHGA7	17
11716424_a_at	PCDHGA8	17
11716424_a_at	PCDHGA9	17
11716424_a_at	PCDHGB2	17
11716424_a_at	PCDHGB4	17
11716424_a_at	PCDHGB6	17
11716424_a_at	PCDHGB7	17
11716424_a_at	PCDHGC3	17
11716424_a_at	PCDHGC4	17
11716424_a_at	PCDHGC5	17
11716445_s_at	COMMD4	4
11716445_s_at	LOC440292	4
11716445_s_at	LOC646670	4
11716445_s_at	LOC732265	4
11716668_at	RAB1A	2
11716668_at	RAB1B	2
11716671_x_at	PIGY	2
11716671_x_at	PYURF	2
11716771_s_at	LOC102724428	2
11716771_s_at	SIK1	2
11716791_a_at	DKFZp686K1684	2
11716791_a_at	RCN1	2
11716822_a_at	BDH2	2
11716822_a_at	SLC9B2	2
11716952_a_at	DPH1	2
11716952_a_at	OVCA2	2
11717003_s_at	FKBP9	2
11717003_s_at	FKBP9P1	2
11717024_at	LOC102724828	2
11717024_at	MRPL23	2
11717025_s_at	CXCL5	2
11717025_s_at	GLYR1	2
11717117_a_at	PDXP	2
11717117_a_at	SH3BP1	2
11717155_a_at	NME1	2
11717155_a_at	NME1-NME2	2
11717228_at	CDR2	2
11717228_at	LOC101060399	2
11717235_s_at	RPS7	2
11717235_s_at	RPS7P1	2
11717260_at	CCDC142	2
11717260_at	MRPL53	2
11717424_x_at	CHMP3	2
11717424_x_at	RNF103-CHMP3	2
11717439_s_at	FMO4	2
11717439_s_at	TOP1P1	2
11717519_a_at	LOC102724985	2
11717519_a_at	PDXDC1	2
11717521_x_at	PTTG1	2
11717521_x_at	PTTG3P	2
11717556_s_at	POM121	3
11717556_s_at	POM121B	3
11717556_s_at	POM121C	3
11717654_a_at	CMC4	2
11717654_a_at	MTCP1	2
11717747_s_at	MCTS1	2
11717747_s_at	MCTS2P	2
11717914_a_at	BIVM-ERCC5	2
11717914_a_at	ERCC5	2
11717916_s_at	CKMT1A	2
11717916_s_at	CKMT1B	2
11717946_x_at	LOC101928143	2
11717946_x_at	NUMB	2
11717966_s_at	TYW1	2
11717966_s_at	TYW1B	2
11717988_s_at	C17orf49	2
11717988_s_at	RNASEK-C17orf49	2
11718033_a_at	CHURC1-FNTB	2
11718033_a_at	FNTB	2
11718063_a_at	C11orf98	2
11718063_a_at	LBHD1	2
11718137_a_at	LOC105372824	2
11718137_a_at	PDXK	2
11718163_a_at	UGT1A1	9
11718163_a_at	UGT1A10	9
11718163_a_at	UGT1A3	9
11718163_a_at	UGT1A4	9
11718163_a_at	UGT1A5	9
11718163_a_at	UGT1A6	9
11718163_a_at	UGT1A7	9
11718163_a_at	UGT1A8	9
11718163_a_at	UGT1A9	9
11718203_a_at	PRICKLE4	2
11718203_a_at	TOMM6	2
11718232_s_at	KTI12	2
11718232_s_at	TXNDC12	2
11718304_s_at	MYO18A	2
11718304_s_at	TIAF1	2
11718490_s_at	FABP5	2
11718490_s_at	FABP5P2	2
11718516_s_at	AK6	2
11718516_s_at	TAF9	2
11718537_s_at	FAHD2A	3
11718537_s_at	FAHD2B	3
11718537_s_at	FAHD2CP	3
11718657_a_at	MIR21	2
11718657_a_at	VMP1	2
11718843_s_at	DNAJC25-GNG10	2
11718843_s_at	GNG10	2
11718844_s_at	BCL2L2-PABPN1	2
11718844_s_at	PABPN1	2
11718932_a_at	FKBP1A-SDCBP2	2
11718932_a_at	SDCBP2	2
11718934_a_at	C4A	2
11718934_a_at	STK19	2
11718982_s_at	CCL4	3
11718982_s_at	CCL4L1	3
11718982_s_at	CCL4L2	3
11719212_a_at	LOC100996763	4
11719212_a_at	NBPF19	4
11719212_a_at	NOTCH2	4
11719212_a_at	NOTCH2NL	4
11719213_s_at	LOC101929796	2
11719213_s_at	NBPF14	2
11719215_a_at	FAM47E-STBD1	2
11719215_a_at	STBD1	2
11719280_a_at	ARHGAP4	2
11719280_a_at	NAA10	2
11719462_x_at	HNRNPA1	2
11719462_x_at	HNRNPA1P10	2
11719500_s_at	SMN1	2
11719500_s_at	SMN2	2
11719568_s_at	KIAA2013	2
11719568_s_at	LOC102724984	2
11719865_s_at	ENO1	2
11719865_s_at	TMEM11	2
11719894_s_at	FAM91A1	2
11719894_s_at	LINC00869	2
11719908_a_at	GBA	2
11719908_a_at	GBAP1	2
11719909_s_at	MLLT10	2
11719909_s_at	PICALM	2
11719957_s_at	LOC441155	2
11719957_s_at	ZC3H11A	2
11719965_s_at	U2AF1	2
11719965_s_at	U2AF1L5	2
11719998_a_at	SYNJ2BP	2
11719998_a_at	SYNJ2BP-COX16	2
11720019_x_at	RTEL1	2
11720019_x_at	RTEL1-TNFRSF6B	2
11720042_a_at	RRP7A	2
11720042_a_at	RRP7BP	2
11720076_at	CDK3	3
11720076_at	TEN1	3
11720076_at	TEN1-CDK3	3
11720189_at	AP3S2	2
11720189_at	C15orf38-AP3S2	2
11720212_a_at	PPAN	2
11720212_a_at	PPAN-P2RY11	2
11720318_a_at	MROH7-TTC4	2
11720318_a_at	TTC4	2
11720344_s_at	C3orf62	2
11720344_s_at	USP4	2
11720364_a_at	GIMAP1-GIMAP5	2
11720364_a_at	GIMAP5	2
11720519_s_at	LOC100996724	2
11720519_s_at	PDE4DIP	2
11720638_a_at	ACBD6	2
11720638_a_at	LHX4-AS1	2
11720679_a_at	CKLF	2
11720679_a_at	CKLF-CMTM1	2
11720689_s_at	FAM195A	2
11720689_s_at	LOC100287175	2
11720809_x_at	MZT2B	2
11720809_x_at	PHGDH	2
11720866_a_at	AGO1	2
11720866_a_at	AGO3	2
11721118_a_at	ANKHD1-EIF4EBP3	2
11721118_a_at	EIF4EBP3	2
11721250_s_at	LOC150776	2
11721250_s_at	SMPD4	2
11721349_s_at	LOC102725067	7
11721349_s_at	LOC105372868	7
11721349_s_at	LOC105372935	7
11721349_s_at	LOC105372942	7
11721349_s_at	LOC105377182	7
11721349_s_at	LOC105379548	7
11721349_s_at	USP18	7
11721438_s_at	DEFA1	3
11721438_s_at	DEFA1B	3
11721438_s_at	DEFA3	3
11721509_s_at	LOC105370109	2
11721509_s_at	NUS1	2
11721525_s_at	BOLA2	3
11721525_s_at	BOLA2B	3
11721525_s_at	SMG1P2	3
11721535_a_at	AP1G2	2
11721535_a_at	JPH4	2
11721638_s_at	CES1	2
11721638_s_at	CES1P1	2
11721647_a_at	CTNND1	2
11721647_a_at	TMX2-CTNND1	2
11721669_a_at	KLHDC4	2
11721669_a_at	LOC105371397	2
11721721_a_at	MSH5	2
11721721_a_at	MSH5-SAPCD1	2
11721767_s_at	ATAD3A	2
11721767_s_at	ATAD3B	2
11721773_at	LOC339166	2
11721773_at	WSCD1	2
11721893_a_at	CHEK2	4
11721893_a_at	LOC101929031	4
11721893_a_at	LOC102723841	4
11721893_a_at	LOC102723890	4
11721936_a_at	CHN2	2
11721936_a_at	LOC101928168	2
11721939_a_at	ADORA2A	3
11721939_a_at	SPECC1L	3
11721939_a_at	SPECC1L-ADORA2A	3
11721944_x_at	RABL2A	2
11721944_x_at	RABL2B	2
11721975_s_at	TPSAB1	2
11721975_s_at	TPSB2	2
11722055_a_at	PLSCR3	2
11722055_a_at	TMEM256-PLSCR3	2
11722380_at	NUDT3	2
11722380_at	RPS10-NUDT3	2
11722404_s_at	MTHFS	2
11722404_s_at	ST20-MTHFS	2
11722537_at	MSANTD3-TMEFF1	2
11722537_at	TMEFF1	2
11722563_x_at	CYP51A1	2
11722563_x_at	LRRD1	2
11722581_a_at	LOC100630923	2
11722581_a_at	PRKRIP1	2
11722615_s_at	HCAR2	2
11722615_s_at	HCAR3	2
11722682_at	IRAK1	2
11722682_at	MECP2	2
11722692_x_at	LOC105369236	3
11722692_x_at	SLX1A	3
11722692_x_at	SLX1B	3
11722726_s_at	ZNF286A	2
11722726_s_at	ZNF286B	2
11722753_s_at	ISY1-RAB43	2
11722753_s_at	RAB43	2
11722814_s_at	RANBP2	8
11722814_s_at	RGPD1	8
11722814_s_at	RGPD2	8
11722814_s_at	RGPD3	8
11722814_s_at	RGPD4	8
11722814_s_at	RGPD5	8
11722814_s_at	RGPD6	8
11722814_s_at	RGPD8	8
11722824_x_at	PSG3	2
11722824_x_at	PSG5	2
11722857_a_at	FBXO16	2
11722857_a_at	ZNF395	2
11722886_s_at	EMB	2
11722886_s_at	EMBP1	2
11722903_s_at	GSTT2	2
11722903_s_at	GSTT2B	2
11722948_a_at	CDRT4	2
11722948_a_at	TVP23C-CDRT4	2
11722961_s_at	VCY	2
11722961_s_at	VCY1B	2
11722994_s_at	ADH1A	3
11722994_s_at	ADH1B	3
11722994_s_at	ADH1C	3
11723007_a_at	CCPG1	2
11723007_a_at	DYX1C1-CCPG1	2
11723045_x_at	FRG1	8
11723045_x_at	FRG1BP	8
11723045_x_at	FRG1CP	8
11723045_x_at	FRG1DP	8
11723045_x_at	FRG1EP	8
11723045_x_at	LOC101930531	8
11723045_x_at	LOC102723780	8
11723045_x_at	LOC102724813	8
11723067_s_at	FAM21A	2
11723067_s_at	FAM21C	2
11723079_at	C2orf47	2
11723079_at	C2orf69	2
11723089_s_at	CXorf40A	2
11723089_s_at	CXorf40B	2
11723116_a_at	RAD51L3-RFFL	2
11723116_a_at	RFFL	2
11723194_x_at	HLA-DRB1	4
11723194_x_at	HLA-DRB3	4
11723194_x_at	HLA-DRB4	4
11723194_x_at	LOC105369230	4
11723253_a_at	SCNM1	2
11723253_a_at	TNFAIP8L2-SCNM1	2
11723297_a_at	AKAP2	2
11723297_a_at	PALM2-AKAP2	2
11723322_s_at	DDX11	3
11723322_s_at	DDX12P	3
11723322_s_at	LOC642846	3
11723376_a_at	GCOM1	2
11723376_a_at	MYZAP	2
11723417_s_at	HSP90AB1	2
11723417_s_at	HSP90AB3P	2
11723428_s_at	RPL13	2
11723428_s_at	RPL13P12	2
11723430_a_at	ZFP91	2
11723430_a_at	ZFP91-CNTF	2
11723493_a_at	SYNGAP1	2
11723493_a_at	ZBTB9	2
11723613_s_at	SERHL	2
11723613_s_at	SERHL2	2
11723654_s_at	CFC1	2
11723654_s_at	CFC1B	2
11723656_s_at	DDX19A	2
11723656_s_at	DDX19B	2
11723691_at	CD302	2
11723691_at	LY75-CD302	2
11723693_s_at	TMEM183A	2
11723693_s_at	TMEM183B	2
11723698_a_at	OAS2	2
11723698_a_at	OAS3	2
11723726_s_at	USP32P1	2
11723726_s_at	USP32P2	2
11723749_a_at	FPGT-TNNI3K	2
11723749_a_at	TNNI3K	2
11723973_at	CHST12	2
11723973_at	LOC101927181	2
11724073_a_at	LOC102724991	3
11724073_a_at	LOC102725016	3
11724073_a_at	PPP2R3B	3
11724089_a_at	MXD3	2
11724089_a_at	RAB24	2
11724092_s_at	SLC35E2	2
11724092_s_at	SLC35E2B	2
11724103_x_at	C8orf44-SGK3	2
11724103_x_at	SGK3	2
11724107_s_at	MRPS31P5	2
11724107_s_at	THSD1	2
11724303_a_at	COG8	2
11724303_a_at	PDF	2
11724342_s_at	LGALS7	2
11724342_s_at	LGALS7B	2
11724355_x_at	LOC102724993	7
11724355_x_at	LOC105376752	7
11724355_x_at	NPIP	7
11724355_x_at	NPIPA5	7
11724355_x_at	NPIPA7	7
11724355_x_at	NPIPA8	7
11724355_x_at	PKD1P1	7
11724405_at	KCTD14	2
11724405_at	NDUFC2-KCTD14	2
11724436_a_at	FLJ10038	2
11724436_a_at	GABPB1	2
11724445_s_at	LYZL1	2
11724445_s_at	LYZL2	2
11724493_s_at	FAM71D	2
11724493_s_at	SF3B4	2
11724555_x_at	FOLH1	2
11724555_x_at	FOLH1B	2
11724701_x_at	AS3MT	2
11724701_x_at	BORCS7-ASMT	2
11724759_s_at	CALM1	2
11724759_s_at	CALM2	2
11724768_s_at	FCGR2A	2
11724768_s_at	FCGR2C	2
11724800_a_at	LOC105369247	2
11724800_a_at	QPRT	2
11724901_s_at	IQCJ-SCHIP1	2
11724901_s_at	SCHIP1	2
11724965_at	BLOC1S1-RDH5	2
11724965_at	RDH5	2
11725024_a_at	LOC100129518	2
11725024_a_at	SOD2	2
11725130_s_at	TCEAL3	2
11725130_s_at	TCEAL6	2
11725298_x_at	DXO	2
11725298_x_at	TUBB2B	2
11725394_s_at	LRCH4	2
11725394_s_at	ZASP	2
11725406_a_at	HERC3	2
11725406_a_at	LOC101929134	2
11725459_s_at	S100A7	2
11725459_s_at	S100A7A	2
11725603_a_at	HOXA10-HOXA9	2
11725603_a_at	HOXA9	2
11725732_x_at	NPIPA1	5
11725732_x_at	NPIPA2	5
11725732_x_at	NPIPA3	5
11725732_x_at	NPIPP1	5
11725732_x_at	PKD1P6	5
11725855_s_at	XAGE1B	2
11725855_s_at	XAGE1E	2
11725859_at	APBA1	2
11725859_at	LOC101929802	2
11725890_s_at	ABCC6	4
11725890_s_at	ABCC6P1	4
11725890_s_at	ABCC6P2	4
11725890_s_at	LOC105369239	4
11725891_a_at	ABHD14A-ACY1	2
11725891_a_at	ACY1	2
11726007_s_at	DPY19L2	2
11726007_s_at	DPY19L2P1	2
11726052_s_at	FAM35A	3
11726052_s_at	FAM35BP	3
11726052_s_at	FAM35DP	3
11726100_a_at	LOC102724788	2
11726100_a_at	PRODH	2
11726143_s_at	DAZ1	4
11726143_s_at	DAZ2	4
11726143_s_at	DAZ3	4
11726143_s_at	DAZ4	4
11726177_s_at	LOC105369237	2
11726177_s_at	SPANXB1	2
11726199_x_at	AGAP4	3
11726199_x_at	LOC101060581	3
11726199_x_at	LOC105369258	3
11726212_s_at	CCL15	2
11726212_s_at	CCL15-CCL14	2
11726339_s_at	MAGEA3	2
11726339_s_at	MAGEA6	2
11726342_s_at	DNAJB14	2
11726342_s_at	LOC646358	2
11726369_at	BACH1	2
11726369_at	GRIK1-AS2	2
11726430_at	C11orf52	2
11726430_at	HSPB2-C11orf52	2
11726465_a_at	ADORA3	2
11726465_a_at	TMIGD3	2
11726504_at	ERCC6-PGBD3	2
11726504_at	PGBD3	2
11726551_s_at	RAET1L	2
11726551_s_at	ULBP2	2
11726575_a_at	CYP2A6	2
11726575_a_at	CYP2A7	2
11726647_s_at	BTN3A1	2
11726647_s_at	BTN3A2	2
11726893_a_at	ST7	2
11726893_a_at	ST7-OT3	2
11727001_a_at	CSNK1E	2
11727001_a_at	LOC400927-CSNK1E	2
11727062_at	FIGF	2
11727062_at	PIR-FIGF	2
11727082_a_at	NPEPL1	2
11727082_a_at	STX16-NPEPL1	2
11727097_a_at	NT5C1B-RDH14	2
11727097_a_at	RDH14	2
11727193_s_at	MMP23A	2
11727193_s_at	MMP23B	2
11727197_a_at	PCDHA1	11
11727197_a_at	PCDHA10	11
11727197_a_at	PCDHA11	11
11727197_a_at	PCDHA12	11
11727197_a_at	PCDHA2	11
11727197_a_at	PCDHA3	11
11727197_a_at	PCDHA5	11
11727197_a_at	PCDHA8	11
11727197_a_at	PCDHA9	11
11727197_a_at	PCDHAC1	11
11727197_a_at	PCDHAC2	11
11727256_a_at	ZNF20	2
11727256_a_at	ZNF625-ZNF20	2
11727384_a_at	ATP5J2-PTCD1	2
11727384_a_at	PTCD1	2
11727431_s_at	PCDHB2	2
11727431_s_at	PCDHB3	2
11727507_a_at	GTPBP10	2
11727507_a_at	LOC101927446	2
11727694_a_at	KLRC4-KLRK1	2
11727694_a_at	KLRK1	2
11727802_s_at	GJA9-MYCBP	2
11727802_s_at	MYCBP	2
11727836_a_at	CPZ	2
11727836_a_at	GPR78	2
11727838_a_at	MSTO1	2
11727838_a_at	MSTO2P	2
11727867_a_at	CLEC3B	2
11727867_a_at	EXOSC7	2
11727877_a_at	MIA-RAB4B	2
11727877_a_at	RAB4B	2
11727896_a_at	LSM8	2
11727896_a_at	NAA38	2
11727944_a_at	ARHGAP8	2
11727944_a_at	PRR5-ARHGAP8	2
11728000_a_at	CERS1	2
11728000_a_at	GDF1	2
11728049_s_at	HIST1H4J	2
11728049_s_at	HIST1H4K	2
11728173_at	AMIGO3	2
11728173_at	GMPPB	2
11728367_a_at	AARSD1	2
11728367_a_at	PTGES3L-AARSD1	2
11728393_a_at	BLOC1S5	2
11728393_a_at	EEF1E1-BLOC1S5	2
11728415_s_at	POMZP3	2
11728415_s_at	ZP3	2
11728416_a_at	ELMOD1	2
11728416_a_at	LOC643923	2
11728461_a_at	CARD9	2
11728461_a_at	DNLZ	2
11728481_a_at	ZNF181	2
11728481_a_at	ZNF807	2
11728558_a_at	HSF2BP	2
11728558_a_at	LOC105379490	2
11728583_s_at	RHOXF2	2
11728583_s_at	RHOXF2B	2
11728605_s_at	LIMS1	3
11728605_s_at	LIMS3	3
11728605_s_at	LIMS3L	3
11728636_s_at	DPPA3	2
11728636_s_at	DPPA3P2	2
11728668_x_at	TRIM16	2
11728668_x_at	TRIM16L	2
11728713_at	LOC100996517	4
11728713_at	LOC100996716	4
11728713_at	LOC102724364	4
11728713_at	SEC22B	4
11728761_a_at	LOC100506403	2
11728761_a_at	RUNX1	2
11728792_x_at	EEF2K	2
11728792_x_at	LOC101930123	2
11728888_s_at	SERF1A	2
11728888_s_at	SERF1B	2
11728941_at	CCDC169-SOHLH2	2
11728941_at	SOHLH2	2
11728961_a_at	DISC1	2
11728961_a_at	TSNAX-DISC1	2
11728964_s_at	ZNF585A	2
11728964_s_at	ZNF585B	2
11729075_s_at	LTC4S	2
11729075_s_at	MAML1	2
11729119_a_at	HSPA1A	2
11729119_a_at	HSPA1B	2
11729372_s_at	LRRC37A3	2
11729372_s_at	LRRC37A4P	2
11729374_at	KRT34	2
11729374_at	LOC100653049	2
11729453_s_at	CYP2B6	2
11729453_s_at	CYP2B7P	2
11729721_s_at	LILRA6	7
11729721_s_at	LILRB3	7
11729721_s_at	LOC102725015	7
11729721_s_at	LOC102725029	7
11729721_s_at	LOC102725031	7
11729721_s_at	LOC102725034	7
11729721_s_at	LOC102725035	7
11729732_x_at	FXYD2	3
11729732_x_at	FXYD6	3
11729732_x_at	FXYD6-FXYD2	3
11729749_at	SAA2-SAA4	2
11729749_at	SAA4	2
11729790_a_at	CUZD1	2
11729790_a_at	FAM24B-CUZD1	2
11729979_s_at	PAGE2	2
11729979_s_at	PAGE2B	2
11729997_a_at	CYP21A1P	2
11729997_a_at	CYP21A2	2
11730022_a_at	PILRB	2
11730022_a_at	STAG3L5P-PVRIG2P-PILRB	2
11730090_a_at	TNFSF12-TNFSF13	2
11730090_a_at	TNFSF13	2
11730136_x_at	C2orf27A	2
11730136_x_at	C2orf27B	2
11730137_s_at	NXF2	2
11730137_s_at	NXF2B	2
11730162_s_at	SLC6A10P	2
11730162_s_at	SLC6A10PB	2
11730247_a_at	PVRIG	2
11730247_a_at	STAG3	2
11730325_x_at	DGCR6	2
11730325_x_at	LOC102724770	2
11730326_x_at	LOC105375355	2
11730326_x_at	UPK3B	2
11730535_at	TCAF2	2
11730535_at	TCAF2P1	2
11730553_a_at	TICAM2	2
11730553_a_at	TMED7-TICAM2	2
11730555_a_at	TRIM34	2
11730555_a_at	TRIM6-TRIM34	2
11730600_s_at	AQP7	4
11730600_s_at	AQP7P1	4
11730600_s_at	LOC100509620	4
11730600_s_at	LOC101930168	4
11730702_a_at	LOC729966	2
11730702_a_at	PDE4C	2
11730724_s_at	EIF3C	2
11730724_s_at	EIF3CL	2
11730963_a_at	LOC145783	2
11730963_a_at	ZNF280D	2
11731089_a_at	DDT	2
11731089_a_at	DDTL	2
11731130_at	SPANXC	2
11731130_at	SPANXD	2
11731180_s_at	PCDH11X	2
11731180_s_at	PCDH11Y	2
11731272_a_at	KCNE1	2
11731272_a_at	LOC102723475	2
11731297_x_at	MAGEA2	2
11731297_x_at	MAGEA2B	2
11731343_s_at	MAGEA9	2
11731343_s_at	MAGEA9B	2
11731353_s_at	RIMBP3	3
11731353_s_at	RIMBP3B	3
11731353_s_at	RIMBP3C	3
11731393_s_at	OR1E1	2
11731393_s_at	OR1E2	2
11731608_s_at	EGFL8	3
11731608_s_at	PPT2	3
11731608_s_at	PPT2-EGFL8	3
11731640_at	LOC102724200	2
11731640_at	TRAPPC10	2
11731651_x_at	ARL2-SNX15	2
11731651_x_at	SNX15	2
11731652_a_at	C20orf24	2
11731652_a_at	TGIF2-C20orf24	2
11731782_s_at	CT45A1	10
11731782_s_at	CT45A10	10
11731782_s_at	CT45A2	10
11731782_s_at	CT45A3	10
11731782_s_at	CT45A4	10
11731782_s_at	CT45A5	10
11731782_s_at	CT45A6	10
11731782_s_at	CT45A7	10
11731782_s_at	CT45A8	10
11731782_s_at	CT45A9	10
11731848_s_at	KLRC1	2
11731848_s_at	KLRC2	2
11731891_s_at	ZNF658	2
11731891_s_at	ZNF658B	2
11731943_x_at	AGAP6	2
11731943_x_at	AGAP7P	2
11731986_a_at	XG	2
11731986_a_at	XGY2	2
11731994_s_at	SPANXA1	2
11731994_s_at	SPANXA2	2
11732003_a_at	CRHR1	2
11732003_a_at	MGC57346-CRHR1	2
11732040_x_at	SSX4	2
11732040_x_at	SSX4B	2
11732049_at	PRR20A	5
11732049_at	PRR20B	5
11732049_at	PRR20C	5
11732049_at	PRR20D	5
11732049_at	PRR20E	5
11732075_s_at	LOC105369264	2
11732075_s_at	PTPN20	2
11732222_s_at	TVP23B	2
11732222_s_at	TVP23C	2
11732342_s_at	ZNF33A	2
11732342_s_at	ZNF33B	2
11732449_s_at	GTF2I	3
11732449_s_at	GTF2IP1	3
11732449_s_at	GTF2IP4	3
11732491_s_at	BRAF	2
11732491_s_at	KIAA1549	2
11732524_a_at	CHKB-CPT1B	2
11732524_a_at	CPT1B	2
11732532_at	JSRP1	2
11732532_at	LOC105372240	2
11732576_s_at	NANOG	3
11732576_s_at	NANOGP1	3
11732576_s_at	NANOGP8	3
11732659_s_at	LOC102723655	8
11732659_s_at	LOC102723713	8
11732659_s_at	TP53TG3	8
11732659_s_at	TP53TG3B	8
11732659_s_at	TP53TG3C	8
11732659_s_at	TP53TG3D	8
11732659_s_at	TP53TG3E	8
11732659_s_at	TP53TG3F	8
11732660_s_at	HSFY1	2
11732660_s_at	HSFY2	2
11732667_x_at	RSPH10B	2
11732667_x_at	RSPH10B2	2
11732668_a_at	APITD1-CORT	2
11732668_a_at	CORT	2
11732731_at	HOXD3	2
11732731_at	HOXD4	2
11732770_s_at	FOXD4	4
11732770_s_at	FOXD4L1	4
11732770_s_at	FOXD4L3	4
11732770_s_at	FOXD4L6	4
11732831_s_at	RNF216P1	2
11732831_s_at	XKR8	2
11732850_x_at	CTAGE4	4
11732850_x_at	CTAGE8	4
11732850_x_at	CTAGE9	4
11732850_x_at	LOC101060696	4
11732875_s_at	GAGE1	9
11732875_s_at	GAGE13	9
11732875_s_at	GAGE2A	9
11732875_s_at	GAGE2B	9
11732875_s_at	GAGE2C	9
11732875_s_at	GAGE2D	9
11732875_s_at	GAGE2E	9
11732875_s_at	GAGE8	9
11732875_s_at	LOC105373200	9
11732899_s_at	LOC105369243	7
11732899_s_at	SLX1A-SULT1A3	7
11732899_s_at	SLX1B-SULT1A4	7
11732899_s_at	SULT1A1	7
11732899_s_at	SULT1A2	7
11732899_s_at	SULT1A3	7
11732899_s_at	SULT1A4	7
11732901_a_at	APOBEC3A	3
11732901_a_at	APOBEC3A_B	3
11732901_a_at	APOBEC3B	3
11732942_a_at	LOC101929876	2
11732942_a_at	RPS26	2
11732956_a_at	TARP	4
11732956_a_at	TRGC1	4
11732956_a_at	TRGC2	4
11732956_a_at	TRGV9	4
11732967_x_at	GAGE12B	12
11732967_x_at	GAGE12C	12
11732967_x_at	GAGE12D	12
11732967_x_at	GAGE12E	12
11732967_x_at	GAGE12F	12
11732967_x_at	GAGE12G	12
11732967_x_at	GAGE12H	12
11732967_x_at	GAGE12I	12
11732967_x_at	GAGE4	12
11732967_x_at	GAGE5	12
11732967_x_at	GAGE6	12
11732967_x_at	GAGE7	12
11732973_at	APLF	2
11732973_at	PROKR1	2
11733131_s_at	CCT8	2
11733131_s_at	CCT8P1	2
11733193_a_at	GTF2A1L	2
11733193_a_at	STON1-GTF2A1L	2
11733248_a_at	DBNDD2	2
11733248_a_at	SYS1-DBNDD2	2
11733282_s_at	KRBOX4	2
11733282_s_at	ZNF674	2
11733514_s_at	SPAG11A	2
11733514_s_at	SPAG11B	2
11733544_a_at	LOC100996693	2
11733544_a_at	SPEG	2
11733584_a_at	TM4SF19	2
11733584_a_at	TM4SF19-TCTEX1D2	2
11733609_x_at	TRIM73	2
11733609_x_at	TRIM74	2
11733697_s_at	CTAG1A	2
11733697_s_at	CTAG1B	2
11733769_s_at	RAB40A	2
11733769_s_at	RAB40AL	2
11733770_s_at	DEFB104A	2
11733770_s_at	DEFB104B	2
11733809_s_at	ARMCX5-GPRASP2	2
11733809_s_at	GPRASP2	2
11733844_a_at	AMACR	2
11733844_a_at	C1QTNF3-AMACR	2
11733907_s_at	CYP2D6	3
11733907_s_at	CYP2D7	3
11733907_s_at	LOC101929829	3
11733987_s_at	C7orf55-LUC7L2	2
11733987_s_at	LUC7L2	2
11733988_x_at	POLR2J2	3
11733988_x_at	POLR2J3	3
11733988_x_at	UPK3BL	3
11734023_a_at	CCDC144A	2
11734023_a_at	CCDC144B	2
11734031_s_at	THAP5	2
11734031_s_at	THAP5P1	2
11734042_at	APOC2	3
11734042_at	APOC4	3
11734042_at	APOC4-APOC2	3
11734043_at	KIAA0408	2
11734043_at	SOGA3	2
11734144_s_at	LRRC37A	2
11734144_s_at	LRRC37A2	2
11734269_a_at	HYDIN	2
11734269_a_at	HYDIN2	2
11734274_a_at	LOC101930115	2
11734274_a_at	VWA3A	2
11734284_a_at	CSAG2	2
11734284_a_at	CSAG3	2
11734368_s_at	DMRTC1	2
11734368_s_at	DMRTC1B	2
11734460_s_at	RFPL2	2
11734460_s_at	RFPL3	2
11734468_x_at	LOC101929991	2
11734468_x_at	ZNF826P	2
11734492_s_at	H2AFB1	3
11734492_s_at	H2AFB2	3
11734492_s_at	H2AFB3	3
11734504_a_at	ZNF177	2
11734504_a_at	ZNF559-ZNF177	2
11734535_s_at	SPATA31A1	5
11734535_s_at	SPATA31A3	5
11734535_s_at	SPATA31A5	5
11734535_s_at	SPATA31A6	5
11734535_s_at	SPATA31A7	5
11734553_s_at	ANXA8	3
11734553_s_at	ANXA8L1	3
11734553_s_at	LINC00842	3
11734563_s_at	FRMPD2	3
11734563_s_at	FRMPD2B	3
11734563_s_at	LOC101930006	3
11734566_a_at	FAM188B	2
11734566_a_at	INMT-FAM188B	2
11734586_s_at	BAGE2	6
11734586_s_at	BAGE3	6
11734586_s_at	BAGE4	6
11734586_s_at	BAGE5	6
11734586_s_at	KMT2C	6
11734586_s_at	LOC105378260	6
11734591_x_at	GTF2IRD2	2
11734591_x_at	GTF2IRD2B	2
11734601_at	TAS2R43	2
11734601_at	TAS2R45	2
11734625_s_at	TRIM49	3
11734625_s_at	TRIM49B	3
11734625_s_at	TRIM49C	3
11734626_s_at	PRY	4
11734626_s_at	PRY2	4
11734626_s_at	PRYP3	4
11734626_s_at	PRYP4	4
11734657_s_at	SLC2A14	2
11734657_s_at	SLC2A3	2
11734696_x_at	GOLGA8A	2
11734696_x_at	GOLGA8B	2
11734709_x_at	CSH1	3
11734709_x_at	CSH2	3
11734709_x_at	CSHL1	3
11734718_s_at	FAM45A	2
11734718_s_at	FAM45B	2
11734747_a_at	C4B	2
11734747_a_at	C4B_2	2
11734748_s_at	LOC100507547	2
11734748_s_at	PRRT1	2
11734912_s_at	ZNF443	2
11734912_s_at	ZNF799	2
11734941_x_at	FAM212B	2
11734941_x_at	LOC101928718	2
11735026_at	LOC105369261	2
11735026_at	SPN	2
11735043_s_at	CDRT1	2
11735043_s_at	FBXW10	2
11735173_a_at	SNRPN	2
11735173_a_at	SNURF	2
11735324_s_at	FAM72A	4
11735324_s_at	FAM72B	4
11735324_s_at	FAM72C	4
11735324_s_at	FAM72D	4
11735345_at	C1QTNF5	2
11735345_at	MFRP	2
11735359_a_at	LOC101060521	2
11735359_a_at	POLR3E	2
11735380_s_at	LOC102725117	3
11735380_s_at	OR2A4	3
11735380_s_at	OR2A7	3
11735394_s_at	XCL1	2
11735394_s_at	XCL2	2
11735403_at	KIAA0754	2
11735403_at	MACF1	2
11735456_s_at	OPN1LW	4
11735456_s_at	OPN1MW	4
11735456_s_at	OPN1MW2	4
11735456_s_at	OPN1MW3	4
11735612_s_at	GOLGA8CP	5
11735612_s_at	GOLGA8DP	5
11735612_s_at	GOLGA8EP	5
11735612_s_at	GOLGA8F	5
11735612_s_at	GOLGA8G	5
11735703_at	MT1A	2
11735703_at	MT1P3	2
11735766_at	C16orf54	2
11735766_at	LOC105369277	2
11735772_s_at	LOC440040	4
11735772_s_at	TRIM48	4
11735772_s_at	TRIM49D1	4
11735772_s_at	TRIM49D2	4
11735821_s_at	AQP12A	2
11735821_s_at	AQP12B	2
11735869_s_at	TRIM64	3
11735869_s_at	TRIM64B	3
11735869_s_at	TRIM64EP	3
11735893_s_at	MBD3L2	4
11735893_s_at	MBD3L3	4
11735893_s_at	MBD3L4	4
11735893_s_at	MBD3L5	4
11735896_s_at	DEFB106A	2
11735896_s_at	DEFB106B	2
11735901_s_at	PRAMEF11	8
11735901_s_at	PRAMEF15	8
11735901_s_at	PRAMEF25	8
11735901_s_at	PRAMEF26	8
11735901_s_at	PRAMEF4	8
11735901_s_at	PRAMEF5	8
11735901_s_at	PRAMEF6	8
11735901_s_at	PRAMEF9	8
11735913_s_at	TNXA	2
11735913_s_at	TNXB	2
11735917_s_at	CDY1	4
11735917_s_at	CDY1B	4
11735917_s_at	CDY2A	4
11735917_s_at	CDY2B	4
11735924_s_at	KRTAP12-1	2
11735924_s_at	KRTAP12-2	2
11735931_s_at	FRG2	5
11735931_s_at	FRG2B	5
11735931_s_at	FRG2C	5
11735931_s_at	FRG2EP	5
11735931_s_at	LOC651959	5
11735935_s_at	USP17L10	22
11735935_s_at	USP17L11	22
11735935_s_at	USP17L12	22
11735935_s_at	USP17L13	22
11735935_s_at	USP17L14P	22
11735935_s_at	USP17L15	22
11735935_s_at	USP17L17	22
11735935_s_at	USP17L18	22
11735935_s_at	USP17L19	22
11735935_s_at	USP17L2	22
11735935_s_at	USP17L20	22
11735935_s_at	USP17L21	22
11735935_s_at	USP17L22	22
11735935_s_at	USP17L24	22
11735935_s_at	USP17L25	22
11735935_s_at	USP17L26	22
11735935_s_at	USP17L27	22
11735935_s_at	USP17L28	22
11735935_s_at	USP17L29	22
11735935_s_at	USP17L30	22
11735935_s_at	USP17L5	22
11735935_s_at	USP17L9P	22
11735950_s_at	BPY2	3
11735950_s_at	BPY2B	3
11735950_s_at	BPY2C	3
11735966_s_at	NUTM2A	4
11735966_s_at	NUTM2B	4
11735966_s_at	NUTM2D	4
11735966_s_at	NUTM2E	4
11736066_x_at	HYPK	2
11736066_x_at	SERF2-C15ORF63	2
11736214_x_at	STAG3L1	3
11736214_x_at	STAG3L2	3
11736214_x_at	STAG3L3	3
11736221_a_at	CCDC103	2
11736221_a_at	FAM187A	2
11736537_a_at	RHCE	2
11736537_a_at	RHD	2
11736628_s_at	ARHGEF34P	3
11736628_s_at	ARHGEF35	3
11736628_s_at	ARHGEF5	3
11736648_at	UGT2B15	2
11736648_at	UGT2B17	2
11736767_at	LOC101929777	2
11736767_at	WNT3	2
11737001_at	CHRNA4	2
11737001_at	LOC102723788	2
11737106_at	ARL17B	3
11737106_at	LOC100294341	3
11737106_at	LOC100996709	3
11737220_at	GALNT8	2
11737220_at	KCNA6	2
11737229_s_at	TGIF2LX	2
11737229_s_at	TGIF2LY	2
11737246_s_at	RALGAPA1	2
11737246_s_at	RALGAPA1P	2
11737289_at	FLJ44635	2
11737289_at	NHSL2	2
11737315_at	LOC102724488	2
11737315_at	SYT15	2
11737378_s_at	LOC100233156	4
11737378_s_at	LOC105379554	4
11737378_s_at	MAFIP	4
11737378_s_at	TEKT4P2	4
11737400_s_at	EPPIN-WFDC6	2
11737400_s_at	WFDC6	2
11737436_at	TXNRD3	2
11737436_at	TXNRD3NB	2
11737478_s_at	RBMY1A1	6
11737478_s_at	RBMY1B	6
11737478_s_at	RBMY1D	6
11737478_s_at	RBMY1E	6
11737478_s_at	RBMY1F	6
11737478_s_at	RBMY1J	6
11737566_s_at	C1QTNF9	2
11737566_s_at	C1QTNF9B	2
11737634_a_at	UGT2A1	2
11737634_a_at	UGT2A2	2
11737689_x_at	SPDYE2	3
11737689_x_at	SPDYE2B	3
11737689_x_at	SPDYE6	3
11737705_s_at	LOC105370720	2
11737705_s_at	LOC441956	2
11737729_at	ZNF705A	2
11737729_at	ZNF705E	2
11737730_s_at	ZNF705D	2
11737730_s_at	ZNF705G	2
11737832_x_at	KIR2DL2	7
11737832_x_at	KIR2DS1	7
11737832_x_at	KIR2DS2	7
11737832_x_at	KIR2DS4	7
11737832_x_at	KIR2DS5	7
11737832_x_at	LOC105379650	7
11737832_x_at	LOC105379662	7
11737842_x_at	SNX29P1	2
11737842_x_at	SNX29P2	2
11737843_x_at	SMIM11A	2
11737843_x_at	SMIM11B	2
11737971_x_at	ZNF321P	2
11737971_x_at	ZNF816-ZNF321P	2
11737986_s_at	ARHGAP11B	2
11737986_s_at	LOC100288637	2
11738016_at	LOC102030688	4
11738016_at	TEX28	4
11738016_at	TEX28P1	4
11738016_at	TEX28P2	4
11738058_s_at	HIST1H2AD	2
11738058_s_at	HIST1H3D	2
11738080_x_at	ANKRD20A1	4
11738080_x_at	ANKRD20A2	4
11738080_x_at	ANKRD20A3	4
11738080_x_at	ANKRD20A4	4
11738181_s_at	CNTNAP3	5
11738181_s_at	CNTNAP3B	5
11738181_s_at	CNTNAP3P2	5
11738181_s_at	LOC100289279	5
11738181_s_at	LOC105369234	5
11738211_at	DCDC1	2
11738211_at	DCDC5	2
11738228_s_at	ERV3-1	2
11738228_s_at	ZNF117	2
11738258_at	CXorf49	2
11738258_at	CXorf49B	2
11738341_at	MAGEA10-MAGEA5	2
11738341_at	MAGEA5	2
11738356_s_at	OR4N2	2
11738356_s_at	OR4N3P	2
11738359_at	LOC101805491	2
11738359_at	TMEM247	2
11738387_s_at	IFNL2	2
11738387_s_at	IFNL3	2
11738388_s_at	IFNA1	2
11738388_s_at	IFNA13	2
11738460_at	NUTM2F	2
11738460_at	NUTM2G	2
11738482_s_at	OR6B2	2
11738482_s_at	OR6B3	2
11738493_s_at	OR4F17	3
11738493_s_at	OR4F4	3
11738493_s_at	OR4F5	3
11738502_s_at	OR2L3	2
11738502_s_at	OR2L8	2
11738504_s_at	OR4F16	5
11738504_s_at	OR4F21	5
11738504_s_at	OR4F29	5
11738504_s_at	OR4F3	5
11738504_s_at	OR4F8P	5
11738554_s_at	XKRY	2
11738554_s_at	XKRY2	2
11738604_at	DEFB107A	2
11738604_at	DEFB107B	2
11738646_at	FAM153A	4
11738646_at	FAM153B	4
11738646_at	LOC100507387	4
11738646_at	LOC105377751	4
11738654_s_at	LOC101930165	7
11738654_s_at	LOC101930171	7
11738654_s_at	LOC102725060	7
11738654_s_at	LOC105369241	7
11738654_s_at	TCEB3C	7
11738654_s_at	TCEB3CL	7
11738654_s_at	TCEB3CL2	7
11738677_a_at	OR8G1	2
11738677_a_at	OR8G5	2
11738690_s_at	OR52I1	2
11738690_s_at	OR52I2	2
11738701_s_at	OR11H1	3
11738701_s_at	OR11H12	3
11738701_s_at	OR11H2	3
11738714_s_at	OR2T12	4
11738714_s_at	OR2T32P	4
11738714_s_at	OR2T33	4
11738714_s_at	OR2T8	4
11738720_s_at	OR2T3	2
11738720_s_at	OR2T34	2
11738726_s_at	OR2T2	2
11738726_s_at	OR2T35	2
11738740_s_at	OR10G7	2
11738740_s_at	OR10G8	2
11738746_s_at	OR2T29	2
11738746_s_at	OR2T5	2
11738929_at	OR9G1	2
11738929_at	OR9G9	2
11738975_at	DEFB130	2
11738975_at	LOC100133267	2
11738976_x_at	DEFB131	2
11738976_x_at	LOC105369240	2
11739269_s_at	LOC102723432	2
11739269_s_at	LOC646214	2
11739295_a_at	ICOSLG	2
11739295_a_at	LOC102723996	2
11739409_s_at	LOC101929815	2
11739409_s_at	LOC105379278	2
11739422_s_at	LOC102724229	3
11739422_s_at	RASA4	3
11739422_s_at	RASA4B	3
11739448_s_at	ROCK1	2
11739448_s_at	ROCK1P1	2
11739481_x_at	H3F3A	2
11739481_x_at	H3F3AP4	2
11739529_x_at	PLGLB1	2
11739529_x_at	PLGLB2	2
11739549_s_at	LOC102724250	3
11739549_s_at	NBPF1	3
11739549_s_at	NBPF10	3
11739786_s_at	IGF2	2
11739786_s_at	INS-IGF2	2
11739850_s_at	CHRFAM7A	3
11739850_s_at	CHRNA7	3
11739850_s_at	LOC101929970	3
11739891_at	ARPC4-TTLL3	2
11739891_at	TTLL3	2
11739944_x_at	NBPF15	4
11739944_x_at	NBPF20	4
11739944_x_at	NBPF26	4
11739944_x_at	NBPF8	4
11740038_s_at	ANKRD36	3
11740038_s_at	ANKRD36B	3
11740038_s_at	ANKRD36C	3
11740084_x_at	LGALS9B	2
11740084_x_at	LGALS9C	2
11740413_x_at	VCX3A	2
11740413_x_at	VCX3B	2
11740443_a_at	CCDC39	2
11740443_a_at	LOC101928882	2
11740458_a_at	TRIM39	2
11740458_a_at	TRIM39-RPP21	2
11740538_at	SCGB1C1	2
11740538_at	SCGB1C2	2
11740652_x_at	NBPF11	4
11740652_x_at	NBPF12	4
11740652_x_at	NBPF25P	4
11740652_x_at	NBPF9	4
11740808_s_at	PRAMEF1	3
11740808_s_at	PRAMEF13	3
11740808_s_at	PRAMEF14	3
11740818_s_at	TCP10	2
11740818_s_at	TCP10L2	2
11741037_a_at	GPR89A	2
11741037_a_at	GPR89B	2
11741115_s_at	CYP3A7	2
11741115_s_at	CYP3A7-CYP3A51P	2
11741324_s_at	TRIM51	3
11741324_s_at	TRIM51BP	3
11741324_s_at	TRIM51EP	3
11741396_s_at	GGT1	9
11741396_s_at	GGT2	9
11741396_s_at	GGT3P	9
11741396_s_at	GGTLC1	9
11741396_s_at	GGTLC2	9
11741396_s_at	GGTLC3	9
11741396_s_at	GGTLC5P	9
11741396_s_at	LOC102724197	9
11741396_s_at	LOC102724823	9
11741413_a_at	FAM101A	2
11741413_a_at	ZNF664-FAM101A	2
11741501_s_at	FAM133B	3
11741501_s_at	FAM133DP	3
11741501_s_at	LOC100421561	3
11741523_x_at	SLC35G4	2
11741523_x_at	SLC35G5	2
11741551_x_at	GOLGA6A	4
11741551_x_at	GOLGA6B	4
11741551_x_at	GOLGA6C	4
11741551_x_at	GOLGA6D	4
11741715_x_at	POTEG	2
11741715_x_at	POTEM	2
11741782_s_at	TSPY1	6
11741782_s_at	TSPY10	6
11741782_s_at	TSPY2	6
11741782_s_at	TSPY3	6
11741782_s_at	TSPY4	6
11741782_s_at	TSPY8	6
11741828_x_at	OR2A1	2
11741828_x_at	OR2A42	2
11741830_s_at	RFPL4A	2
11741830_s_at	RFPL4AL1	2
11741833_a_at	KLHL23	2
11741833_a_at	PHOSPHO2-KLHL23	2
11741898_x_at	KIR2DS3	3
11741898_x_at	LOC102725023	3
11741898_x_at	LOC105369139	3
11741900_x_at	KIR2DL1	3
11741900_x_at	KIR2DL3	3
11741900_x_at	LOC105379645	3
11741901_x_at	KIR2DL5A	2
11741901_x_at	KIR2DL5B	2
11741905_at	DEFB105A	2
11741905_at	DEFB105B	2
11741991_at	PRAMEF16	2
11741991_at	PRAMEF17	2
11741998_s_at	OR5L1	2
11741998_s_at	OR5L2	2
11742094_a_at	SCLY	2
11742094_a_at	UBE2F-SCLY	2
11742115_a_at	GLYATL1	2
11742115_a_at	LOC100287413	2
11742170_s_at	CDRT15	2
11742170_s_at	CDRT15P1	2
11742182_x_at	POTEE	4
11742182_x_at	POTEF	4
11742182_x_at	POTEI	4
11742182_x_at	POTEJ	4
11742228_s_at	SUPT20HL1	2
11742228_s_at	SUPT20HL2	2
11742302_at	1060P11.3	2
11742302_at	KIR3DP1	2
11742333_s_at	OR4M1	2
11742333_s_at	OR4M2	2
11742369_s_at	OR51A2	2
11742369_s_at	OR51A4	2
11742373_s_at	KRTAP4-7	2
11742373_s_at	LOC100996750	2
11742385_s_at	OR8B2	2
11742385_s_at	OR8B3	2
11742410_s_at	HIST2H3A	4
11742410_s_at	HIST2H3C	4
11742410_s_at	HIST2H3D	4
11742410_s_at	HIST2H3PS2	4
11742452_s_at	MAGED4	2
11742452_s_at	MAGED4B	2
11742498_x_at	FAM86B1	3
11742498_x_at	FAM86B2	3
11742498_x_at	FAM86KP	3
11742564_s_at	LOC101927079	5
11742564_s_at	LOC102723532	5
11742564_s_at	LOC105369274	5
11742564_s_at	LOC727924	5
11742564_s_at	OR4N4	5
11742591_s_at	OR2M1P	2
11742591_s_at	OR2M3	2
11742597_s_at	OR8H2	2
11742597_s_at	OR8H3	2
11742642_x_at	ANKRD20A8P	8
11742642_x_at	LOC101059935	8
11742642_x_at	LOC101060026	8
11742642_x_at	LOC102723462	8
11742642_x_at	LOC102725070	8
11742642_x_at	LOC102725104	8
11742642_x_at	LOC105379252	8
11742642_x_at	LOC644249	8
11742654_s_at	SPACA5	2
11742654_s_at	SPACA5B	2
11742657_x_at	HIST2H2AA3	2
11742657_x_at	HIST2H2AA4	2
11742669_s_at	HIST2H4A	2
11742669_s_at	HIST2H4B	2
11742858_s_at	WBP11	2
11742858_s_at	WBP11P1	2
11742875_at	C18orf32	2
11742875_at	RPL17-C18orf32	2
11742888_s_at	GCSH	2
11742888_s_at	LOC729080	2
11742956_a_at	ITFG2	2
11742956_a_at	LOC100507424	2
11743008_a_at	ARHGEF1	2
11743008_a_at	LOC100505585	2
11743017_s_at	PMS2	2
11743017_s_at	PMS2CL	2
11743120_s_at	EIF4A1	2
11743120_s_at	SENP3-EIF4A1	2
11743125_a_at	CRYAA	2
11743125_a_at	LOC102724652	2
11743207_s_at	DEFB108B	3
11743207_s_at	DEFB108P1	3
11743207_s_at	DEFB108P2	3
11743218_s_at	RAET1K	2
11743218_s_at	ULBP3	2
11743241_s_at	LINC01198	3
11743241_s_at	LOC101927016	3
11743241_s_at	LOC647264	3
11743395_s_at	BMI1	2
11743395_s_at	COMMD3-BMI1	2
11743454_s_at	ST13	4
11743454_s_at	ST13P11	4
11743454_s_at	ST13P4	4
11743454_s_at	ST13P5	4
11743575_a_at	CCDC180	2
11743575_a_at	LOC100499484-C9ORF174	2
11743684_a_at	GPR21	2
11743684_a_at	RABGAP1	2
11743770_at	MAB21L1	2
11743770_at	MIR548F5	2
11744025_a_at	EGLN2	2
11744025_a_at	RAB4B-EGLN2	2
11744078_s_at	SDHA	2
11744078_s_at	SDHAP3	2
11744079_s_at	PRSS2	2
11744079_s_at	PRSS3P2	2
11744122_s_at	FAM156A	2
11744122_s_at	FAM156B	2
11744210_s_at	RBM14-RBM4	2
11744210_s_at	RBM4	2
11744285_a_at	CBS	2
11744285_a_at	CBSL	2
11744621_s_at	LOC100130093	2
11744621_s_at	SNAP47	2
11744629_at	MGC27345	2
11744629_at	RBM28	2
11744644_s_at	HSFX1	2
11744644_s_at	HSFX2	2
11744730_s_at	DLEU2	2
11744730_s_at	DLEU2L	2
11744805_x_at	DHRS4	2
11744805_x_at	DHRS4L2	2
11744830_x_at	LOC105369248	5
11744830_x_at	NPIPB11	5
11744830_x_at	NPIPB3	5
11744830_x_at	NPIPB4	5
11744830_x_at	NPIPB5	5
11744904_a_at	ORM1	2
11744904_a_at	ORM2	2
11744964_a_at	MIR17HG	6
11744964_a_at	MIR18A	6
11744964_a_at	MIR19A	6
11744964_a_at	MIR19B1	6
11744964_a_at	MIR20A	6
11744964_a_at	MIR92A1	6
11745033_a_at	LINC00313	2
11745033_a_at	LOC102724385	2
11745035_x_at	LINC01296	2
11745035_x_at	LOC101929839	2
11745138_s_at	FAM223A	2
11745138_s_at	FAM223B	2
11745244_x_at	IGHG1	5
11745244_x_at	IGHG2	5
11745244_x_at	IGHG3	5
11745244_x_at	IGHM	5
11745244_x_at	IGHV4-31	5
11745317_at	ALDH1A3	2
11745317_at	LOC105369201	2
11745569_s_at	LOC100996732	4
11745569_s_at	LOC645166	4
11745569_s_at	LOC654342	4
11745569_s_at	LSP1P3	4
11745704_s_at	PMCHL1	2
11745704_s_at	PMCHL2	2
11745978_s_at	SMG1P1	2
11745978_s_at	SMG1P3	2
11746013_s_at	NCF1	3
11746013_s_at	NCF1B	3
11746013_s_at	NCF1C	3
11746022_s_at	TDGF1	2
11746022_s_at	TDGF1P3	2
11746024_at	LOC100293044	2
11746024_at	LOC105372488	2
11746076_a_at	PRAP1	2
11746076_a_at	ZNF511-PRAP1	2
11746146_s_at	LOC101928422	2
11746146_s_at	LOC154761	2
11746150_s_at	AGAP9	6
11746150_s_at	BMS1P4	6
11746150_s_at	BMS1P5	6
11746150_s_at	BMS1P6	6
11746150_s_at	BMS1P7	6
11746150_s_at	LOC105369270	6
11746188_s_at	RPL14	2
11746188_s_at	RPL14P1	2
11746233_s_at	PI4KAP1	2
11746233_s_at	PI4KAP2	2
11746294_s_at	HERC2P2	3
11746294_s_at	HERC2P9	3
11746294_s_at	LOC105369242	3
11746297_s_at	LOC102724562	4
11746297_s_at	LOC105369252	4
11746297_s_at	MST1L	4
11746297_s_at	MST1P2	4
11746373_s_at	RRN3P1	2
11746373_s_at	RRN3P2	2
11746484_s_at	FAR2P2	2
11746484_s_at	FAR2P3	2
11746538_s_at	SPATA31C1	2
11746538_s_at	SPATA31C2	2
11746941_s_at	FAM138A	5
11746941_s_at	FAM138B	5
11746941_s_at	FAM138C	5
11746941_s_at	FAM138D	5
11746941_s_at	FAM138F	5
11747052_s_at	GALNT4	2
11747052_s_at	POC1B-GALNT4	2
11747077_x_at	EEF1A1P5	3
11747077_x_at	SNORD141A	3
11747077_x_at	SNORD141B	3
11747198_x_at	LOC100288778	8
11747198_x_at	LOC102723897	8
11747198_x_at	WASH1	8
11747198_x_at	WASH2P	8
11747198_x_at	WASH3P	8
11747198_x_at	WASH4P	8
11747198_x_at	WASH6P	8
11747198_x_at	WASH7P	8
11747571_s_at	LINC01061	2
11747571_s_at	LOC729218	2
11747712_s_at	LOC101060429	2
11747712_s_at	LOC101930075	2
11747729_s_at	SDHAP1	2
11747729_s_at	SDHAP2	2
11747825_a_at	ACAD11	2
11747825_a_at	NPHP3-ACAD11	2
11747907_s_at	PDZK1	2
11747907_s_at	PDZK1P1	2
11748039_s_at	LOC440434	3
11748039_s_at	TBC1D3	3
11748039_s_at	TBC1D3E	3
11748105_a_at	ASB3	2
11748105_a_at	GPR75-ASB3	2
11748256_s_at	LOC202181	2
11748256_s_at	SIMC1	2
11748302_x_at	GUSBP9	4
11748302_x_at	LOC653080	4
11748302_x_at	SMA4	4
11748302_x_at	SMA5	4
11748328_s_at	KRT16	4
11748328_s_at	KRT16P1	4
11748328_s_at	KRT16P2	4
11748328_s_at	KRT16P3	4
11748463_a_at	ITGB6	2
11748463_a_at	LOC100505984	2
11748493_s_at	FAM230A	8
11748493_s_at	FAM230B	8
11748493_s_at	LOC100996335	8
11748493_s_at	LOC100996415	8
11748493_s_at	LOC105369189	8
11748493_s_at	LOC105369191	8
11748493_s_at	LOC642643	8
11748493_s_at	LOC729461	8
11748501_a_at	LOC105376948	2
11748501_a_at	SSUH2	2
11749979_s_at	GTF2H2	4
11749979_s_at	GTF2H2B	4
11749979_s_at	GTF2H2C	4
11749979_s_at	GTF2H2C_2	4
11750283_at	OFD1P6Y	3
11750283_at	TTTY9A	3
11750283_at	TTTY9B	3
11750499_s_at	ZNF705B	2
11750499_s_at	ZNF705CP	2
11751341_s_at	PRAMEF34P	2
11751341_s_at	PRAMEF36P	2
11751345_at	GOLGA8J	3
11751345_at	GOLGA8K	3
11751345_at	GOLGA8N	3
11751379_s_at	USP17L1	5
11751379_s_at	USP17L3	5
11751379_s_at	USP17L4	5
11751379_s_at	USP17L6P	5
11751379_s_at	USP17L8	5
11752589_a_at	CH17-360D5.1	3
11752589_a_at	LOC105379861	3
11752589_a_at	NPY4R	3
11752705_s_at	FAM225A	2
11752705_s_at	FAM225B	2
11752762_s_at	LOC100288966	6
11752762_s_at	LOC102723502	6
11752762_s_at	POTEB	6
11752762_s_at	POTEB2	6
11752762_s_at	POTEB3	6
11752762_s_at	POTED	6
11752909_s_at	FAM66B	2
11752909_s_at	FAM66E	2
11752935_s_at	INTS4P1	2
11752935_s_at	INTS4P2	2
11753065_a_at	LOC101928160	2
11753065_a_at	ZNF707	2
11753103_s_at	TCP11X1	2
11753103_s_at	TCP11X2	2
11753194_s_at	LINC00893	2
11753194_s_at	LINC00894	2
11753536_at	LOC105372990	2
11753536_at	LOC646513	2
11753586_s_at	CXADRP2	3
11753586_s_at	CXADRP3	3
11753586_s_at	LOC102723478	3
11753633_s_at	TTTY8	2
11753633_s_at	TTTY8B	2
11753637_x_at	RPS12	2
11753637_x_at	SNORA33	2
11753641_at	TTTY6	2
11753641_at	TTTY6B	2
11753832_x_at	IGKV3-20	2
11753832_x_at	IGKV3D-20	2
11753837_s_at	DEFB109P1	2
11753837_s_at	DEFB109P1B	2
11754142_x_at	LOC728026	2
11754142_x_at	PTMA	2
11754145_x_at	IGKV1-27	6
11754145_x_at	IGKV1D-27	6
11754145_x_at	IGKV1OR1-1	6
11754145_x_at	IGKV1OR10-1	6
11754145_x_at	IGKV1OR2-118	6
11754145_x_at	IGKV1OR22-5	6
11754249_at	WHAMMP2	2
11754249_at	WHAMMP3	2
11754267_x_at	HBA1	2
11754267_x_at	HBA2	2
11754453_s_at	NUDT4P1	2
11754453_s_at	NUDT4P2	2
11754513_a_at	SNHG11	2
11754513_a_at	SNORA60	2
11754543_s_at	CH507-42P11.6	2
11754543_s_at	LINC00319	2
11754544_s_at	ZDHHC11	2
11754544_s_at	ZDHHC11B	2
11754634_a_at	SPATA31D4	2
11754634_a_at	SPATA31D5P	2
11755150_x_at	CCL3P1	10
11755150_x_at	LOC101060389	10
11755150_x_at	TBC1D3B	10
11755150_x_at	TBC1D3C	10
11755150_x_at	TBC1D3F	10
11755150_x_at	TBC1D3G	10
11755150_x_at	TBC1D3H	10
11755150_x_at	TBC1D3I	10
11755150_x_at	TBC1D3K	10
11755150_x_at	TBC1D3L	10
11755169_s_at	RP9	2
11755169_s_at	RP9P	2
11755269_a_at	MRPS24	2
11755269_a_at	URGCP-MRPS24	2
11755272_s_at	FAM90A1	8
11755272_s_at	FAM90A24P	8
11755272_s_at	FAM90A25P	8
11755272_s_at	FAM90A26	8
11755272_s_at	FAM90A2P	8
11755272_s_at	FAM90A7P	8
11755272_s_at	FAM90A9P	8
11755272_s_at	LOC105369276	8
11755310_s_at	ACOT1	2
11755310_s_at	ACOT2	2
11755317_x_at	CBWD2	4
11755317_x_at	CBWD5	4
11755317_x_at	CBWD6	4
11755317_x_at	CBWD7	4
11755382_x_at	IGLL5	4
11755382_x_at	IGLV1-36	4
11755382_x_at	IGLV1-44	4
11755382_x_at	IGLV1-47	4
11755440_s_at	SPDYE1	5
11755440_s_at	SPDYE16	5
11755440_s_at	SPDYE18	5
11755440_s_at	SPDYE5	5
11755440_s_at	SPDYE8P	5
11755564_x_at	CCL3L1	2
11755564_x_at	CCL3L3	2
11755579_s_at	LOC653786	2
11755579_s_at	OTOA	2
11756093_x_at	IGHV1-69	2
11756093_x_at	IGHV1-69-2	2
11756139_s_at	LOC728554	2
11756139_s_at	THOC3	2
11756504_s_at	LOC728715	3
11756504_s_at	OVOS	3
11756504_s_at	OVOS2	3
11756538_s_at	JMJD7	3
11756538_s_at	JMJD7-PLA2G4B	3
11756538_s_at	PLA2G4B	3
11756676_s_at	NBPF22P	3
11756676_s_at	NBPF4	3
11756676_s_at	NBPF6	3
11756682_x_at	INO80B-WBP1	2
11756682_x_at	WBP1	2
11757081_s_at	OXCT2	2
11757081_s_at	OXCT2P1	2
11757085_s_at	ASAH2	3
11757085_s_at	ASAH2B	3
11757085_s_at	LOC102725241	3
11757088_s_at	FAM157A	3
11757088_s_at	FAM157B	3
11757088_s_at	LOC102723872	3
11757096_s_at	ZNF492	3
11757096_s_at	ZNF849P	3
11757096_s_at	ZNF98	3
11757105_s_at	UBTFL1	3
11757105_s_at	UBTFL2	3
11757105_s_at	UBTFL6	3
11757108_a_at	GSTTP1	3
11757108_a_at	GSTTP2	3
11757108_a_at	LOC100652871	3
11757119_at	RPSA	2
11757119_at	SNORA6	2
11757129_at	RPS3	2
11757129_at	SNORD15A	2
11757147_s_at	SNHG15	2
11757147_s_at	SNORA9	2
11757148_at	RPL23	2
11757148_at	SNORA21	2
11757388_x_at	C7orf76	3
11757388_x_at	LOC100506136	3
11757388_x_at	SHFM1	3
11757394_a_at	LOC102724159	2
11757394_a_at	PWP2	2
11757495_s_at	LRRC37B	2
11757495_s_at	LRRC37BP1	2
11757562_s_at	CLEC18A	3
11757562_s_at	CLEC18B	3
11757562_s_at	CLEC18C	3
11757565_s_at	SPIN2A	2
11757565_s_at	SPIN2B	2
11757623_s_at	RNF5	2
11757623_s_at	RNF5P1	2
11757724_x_at	BSCL2	2
11757724_x_at	HNRNPUL2-BSCL2	2
11757936_s_at	GCSHP3	2
11757936_s_at	LOC641746	2
11758010_s_at	GOLGA6L1	3
11758010_s_at	GOLGA6L22	3
11758010_s_at	GOLGA6L6	3
11758143_s_at	GLUD1P3	2
11758143_s_at	LOC101927562	2
11758302_x_at	LINC01001	4
11758302_x_at	LOC100133331	4
11758302_x_at	LOC101929819	4
11758302_x_at	LOC729737	4
11758313_x_at	RPS10P19	2
11758313_x_at	RPS10P3	2
11758331_s_at	LINC00266-1	4
11758331_s_at	LINC01347	4
11758331_s_at	LOC101927097	4
11758331_s_at	LOC102723928	4
11758332_x_at	LOC100132062	3
11758332_x_at	LOC100132287	3
11758332_x_at	LOC105379556	3
11758351_x_at	LOC101060128	3
11758351_x_at	LOC101060341	3
11758351_x_at	LOC101927999	3
11758358_x_at	HELLPAR	6
11758358_x_at	HERC2P4	6
11758358_x_at	HERC2P5	6
11758358_x_at	HERC2P8	6
11758358_x_at	LOC100422737	6
11758358_x_at	SLC9A4	6
11758420_s_at	TRIM43	2
11758420_s_at	TRIM43B	2
11758467_s_at	CCZ1	2
11758467_s_at	CCZ1B	2
11758632_s_at	CXorf51A	2
11758632_s_at	CXorf51B	2
11758666_s_at	LOC105369215	6
11758666_s_at	LOC105372856	6
11758666_s_at	LOC105372867	6
11758666_s_at	LOC105372941	6
11758666_s_at	LOC105379519	6
11758666_s_at	LOC105379550	6
11758699_x_at	FAM25BP	3
11758699_x_at	FAM25C	3
11758699_x_at	FAM25G	3
11758718_x_at	ATP5EP2	2
11758718_x_at	SLMO2-ATP5E	2
11759457_x_at	OR4D12P	23
11759457_x_at	OR7E117P	23
11759457_x_at	OR7E125P	23
11759457_x_at	OR7E128P	23
11759457_x_at	OR7E129P	23
11759457_x_at	OR7E136P	23
11759457_x_at	OR7E140P	23
11759457_x_at	OR7E145P	23
11759457_x_at	OR7E149P	23
11759457_x_at	OR7E154P	23
11759457_x_at	OR7E157P	23
11759457_x_at	OR7E163P	23
11759457_x_at	OR7E1P	23
11759457_x_at	OR7E7P	23
11759457_x_at	OR7E83P	23
11759457_x_at	OR7E85P	23
11759457_x_at	OR7E86P	23
11759457_x_at	OR7E87P	23
11759457_x_at	OR7E89P	23
11759457_x_at	OR7E8P	23
11759457_x_at	OR7E93P	23
11759457_x_at	OR7E96P	23
11759457_x_at	OR7E99P	23
11759466_x_at	LOC101929774	2
11759466_x_at	LOC105376844	2
11759564_x_at	RPS2P46	2
11759564_x_at	RPS2P5	2
11759594_at	ERVK-19	5
11759594_at	ERVK-6	5
11759594_at	ERVK-9	5
11759594_at	LOC105369972	5
11759594_at	LOC105376906	5
11759617_at	IGLJ3	2
11759617_at	IGLV3-19	2
11759629_a_at	TRAC	4
11759629_a_at	TRAJ17	4
11759629_a_at	TRAV20	4
11759629_a_at	TRDV2	4
11759652_x_at	IGKV1-12	2
11759652_x_at	IGKV1D-12	2
11759773_a_at	LOC102723847	3
11759773_a_at	LOC105377615	3
11759773_a_at	MGC39584	3
11759857_at	HLA-V	2
11759857_at	LOC554223	2
11760050_x_at	LOC100134368	2
11760050_x_at	RPL23AP5	2
11760278_at	HCG8	2
11760278_at	ZNRD1-AS1	2
11761012_x_at	LOC102724728	2
11761012_x_at	POM121L7	2
11761856_x_at	GTF2IP20	2
11761856_x_at	LOC100133182	2
11761899_a_at	IGH	2
11761899_a_at	IGHA2	2
11761918_x_at	TRBC1	2
11761918_x_at	TRBV19	2
11762206_s_at	DRD5P2	2
11762206_s_at	LOC101060524	2
11762239_s_at	LOC101926969	4
11762239_s_at	LOC105371175	4
11762239_s_at	LOC105371206	4
11762239_s_at	LOC105371216	4
11762287_x_at	TRBC2	4
11762287_x_at	TRBV3-1	4
11762287_x_at	TRBV5-4	4
11762287_x_at	TRBV6-5	4
11762465_x_at	LOC101060604	3
11762465_x_at	SLC7A5P1	3
11762465_x_at	SLC7A5P2	3
11762788_at	ERVK3-2	2
11762788_at	LOC100506358	2
11762818_at	LOC101927533	2
11762818_at	LOC440867	2
11762929_x_at	FAM66D	2
11762929_x_at	LOC100506990	2
11762989_s_at	TRAV38-1	2
11762989_s_at	TRAV38-2DV8	2
11762992_at	ATP6	2
11762992_at	COX1	2
11763076_at	DEFT1P	2
11763076_at	DEFT1P2	2
11763086_at	C5orf17	2
11763086_at	LOC105374689	2
11763144_x_at	IGKV3-11	2
11763144_x_at	IGKV3D-11	2
11763222_x_at	IGK	5
11763222_x_at	IGKV1-16	5
11763222_x_at	IGKV1-5	5
11763222_x_at	IGKV1D-16	5
11763222_x_at	IGKV1D-17	5
11763225_x_at	IGLV1-41	2
11763225_x_at	IGLV1-51	2
11763228_x_at	IGKV1-13	2
11763228_x_at	IGKV1D-13	2
11763239_x_at	BMS1P20	6
11763239_x_at	IGLC2	6
11763239_x_at	IGLC3	6
11763239_x_at	IGLJ2	6
11763239_x_at	IGLV3-25	6
11763239_x_at	IGLV7-46	6
11763253_x_at	IGKV2-28	2
11763253_x_at	IGKV2D-28	2
11763254_at	CYAT1	4
11763254_at	IGLC7	4
11763254_at	IGLV1-50	4
11763254_at	IGLV4-3	4
11763298_at	ERVK3-1	2
11763298_at	LOC105372481	2
11763389_a_at	LINC00906	2
11763389_a_at	LOC102724958	2
11763457_x_at	RPL41P1	3
11763457_x_at	RPL41P2	3
11763457_x_at	RPL41P5	3
11763502_x_at	LOC100287497	2
11763502_x_at	LOC101926980	2
11763640_x_at	IGKV1-39	2
11763640_x_at	IGKV1D-39	2
11763663_x_at	IGKV1-33	2
11763663_x_at	IGKV1D-33	2
11763873_s_at	LOC100128108	2
11763873_s_at	LOC400464	2
11763884_x_at	LOC100996442	6
11763884_x_at	LOC102724394	6
11763884_x_at	LOC105375292	6
11763884_x_at	LOC105376781	6
11763884_x_at	LOC105377771	6
11763884_x_at	LOC388572	6
11763893_s_at	SNORA59A	2
11763893_s_at	SNORA59B	2
11763896_at	SNHG25	2
11763896_at	SNORA50C	2
11763906_at	CCT6P1	3
11763906_at	CCT6P3	3
11763906_at	SNORA22	3
11763923_x_at	RPL32P3	3
11763923_x_at	SNORA7A	3
11763923_x_at	SNORA7B	3
